"","numMorphGroups","BIC.Best.Model.Per.G","taxonBIC","morphoGroupsBIC","deltaBIC_naive","deltaBIC_taxon","deltaBIC_morphoGroups"
"1",1,33.4565387615985,NA,33.4565387615985,20.5744471300482,NA,20.5744471300482
"2",2,54.0309858916467,45.8058574627112,NA,0,8.22512842893554,NA
"3",3,44.9860338889373,NA,NA,9.04495200270944,NA,NA
